<?xml version="1.0" encoding="UTF-8"?>
<beans xmlns="http://www.springframework.org/schema/beans"
	xmlns:xsi="http://www.w3.org/2001/XMLSchema-instance"
	xsi:schemaLocation="http://www.springframework.org/schema/beans
	http://www.springframework.org/schema/beans/spring-beans-2.5.xsd">


	<bean id="customerDAO"
		class="com.mkyong.customer.dao.impl.JdbcCustomerDAO">
		<property name="dataSource" ref="dataSource" />
	</bean>
	<bean id="dataSource"
		class="org.springframework.jdbc.datasource.DriverManagerDataSource">

		<property name="driverClassName"
			value="com.microsoft.sqlserver.jdbc.SQLServerDriver" />
		<property name="url"
			value="jdbc:mysql://localhost:3306/springjdbc" />
		<property name="username" value="root" />
		<property name="password" value="password" />
	</bean>

</beans>