<?xml version = "1.0" encoding = "UTF-8"?>

<beans xmlns = "http://www.springframework.org/schema/beans"
   xmlns:xsi = "http://www.w3.org/2001/XMLSchema-instance"
   xsi:schemaLocation = "http://www.springframework.org/schema/beans
   http://www.springframework.org/schema/beans/spring-beans-3.0.xsd">

   <bean id = "example" class = "com.demo.MavenProject.Example">
      <property name = "empName" value = "Nikhil"/>
      <property name = "empId" value = "1"/>
      <property name = "city" value = "London"/>
      <property name = "salary" ref = "Salary"/>
   </bean>
   
    <bean id = "Salary" class = "com.demo.MavenProject.Salary">
      <property name = "sal" value = "5000"/>
      <property name = "id" value = "1"/>
      
   </bean>
   

</beans>